section,in_resume,title,institution,loc,start,end,description_1,description_2,description_3
education,TRUE,M.S. Cadidate in Program Evaluation and Data Analytics,Arizona State University,"Tempe, AZ",2025,2027,M.S. Candidate learning principles of Program Evaluation and Data Analysis,Second year student,R language
education,TRUE,"B.S., Government - Politics, Policy, and Law",United States Coast Guard Academy,"New London, CT",2017,2021,CAPSTONE: Stakeholder participation in Offshore Wind Farm development and regulation,NA,NA
education,TRUE,General Studies,Marion Military Institute,"Marion, AL",2016,2017,Coast Guard Academy Sponsored Preparatory program (CGAS),NA,NA
industry_positions,TRUE,Communications/Combat Information Officer,USCGC STRATTON,"Alameda, CA",2021,2023,Responsible for Comms and Combat Information Center Operations onboard 418' National Security Cutter,Patrolled Pacific Ocean from Austrailia to the North Slope of Alaska and the Arctic Circle,NA
industry_positions,TRUE,Executive Officer,USCGC DONALD HORSLEY,"San Juan, PR",2023,2024,Navigator and lead Officer of the Deck onboard 154' Sentinel Class Fast Response Cutter,"Budget, Training, and Admin Officer for 25 person crew",NA
industry_positions,TRUE,Office of Maritime Law Enforcement,USCG Headquarters,"Washington, DC",2024,2027,Policy subject matter expert and data analyst,"Collecting, cleaning, maintaining operational data for Coast Guard Law Enforcement Missions",NA
academic_work,TRUE, PAF 516: Models of Neighborhood Change,Arizona State University,"Tempe, AZ",2025,2025,PAF 516: This project uses clutering to project the city of Baltimore onto a Doorling projection and examine Census data.,ShinyApp,https://owen-hurley-dashboards.shinyapps.io/final_dashboard/
academic_work,TRUE,PAF 513: Dangerous Streets,Arizona State University,"Tempe, AZ",2025,2025,PAF 513: Analysis of traffic accident data from the Phoenix Area,"Examine data by variables, view locations on the map",https://owen-hurley-dashboards.shinyapps.io/PAF-513-DashboardFull-Hurley/
academic_work,TRUE,PAF 514: MontyHall R Package,Arizona State University,"Tempe, AZ",2026,2026,PAF 514: Package to Simulate the Monty Hall Problem,https://github.com/sasquatch-finder/montyhall.git,
